organization,location,location_id,location_buffer_m,latitude,longitude,location_visibility,elevation_m,location_comments
MRU-ELK,100EK113,582013,,,,Visible,,
MRU-ELK,103EK113,582017,,,,Visible,,
MRU-ELK,104EK113,582018,,,,Visible,,
MRU-ELK,109EK113,582023,,,,Visible,,
MRU-ELK,111EK113,582025,,,,Visible,,
MRU-ELK,113EK113,582027,,,,Visible,,
MRU-ELK,115EK113,582029,,,,Visible,,
MRU-ELK,127EK113,582051,,,,Visible,,
MRU-ELK,129EK113,582053,,,,Visible,,
MRU-ELK,132EK113,582056,,,,Visible,,
MRU-ELK,139EK113,582064,,,,Visible,,
MRU-ELK,143EK113,582068,,,,Visible,,
MRU-ELK,144EK113,582069,,,,Visible,,
MRU-ELK,145EK113,582070,,,,Visible,,
MRU-ELK,146EK113,582071,,,,Visible,,
MRU-ELK,147EK113,582072,,,,Visible,,
MRU-ELK,148EK113,582073,,,,Visible,,
MRU-ELK,149EK113,582074,,,,Visible,,
MRU-ELK,150EK113,582075,,,,Visible,,
MRU-ELK,151EK113,582076,,,,Visible,,
MRU-ELK,152EK113,582077,,,,Visible,,
MRU-ELK,153EK113,582078,,,,Visible,,
MRU-ELK,154EK113,582079,,,,Visible,,
MRU-ELK,155EK113,582081,,,,Visible,,
MRU-ELK,156EK113,582083,,,,Visible,,
MRU-ELK,L01_29_07_2026,582086,,50.839530,-114.255800,Visible,,
MRU-ELK,L02_ASCCA11_29_July_2026,582087,,50.837320,-114.248860,Visible,,
MRU-ELK,L03_ASCCA12_29_July_2026,582088,,50.838450,-114.242460,Visible,,
MRU-ELK,L06_ASCCA14_29_July_2026,582090,,50.844980,-114.260740,Visible,,
MRU-ELK,L07_ASCCA04_29_July_2026,582325,,50.846540,-114.251720,Visible,,
MRU-ELK,L14_ASCCA18_31_July_2026,582326,,50.855000,-114.233330,Visible,,
MRU-ELK,L20_ASCCA19_31_JULY_2026,582327,,50.857060,-114.219940,Visible,,
MRU-ELK,L19_ASCCA20_31_July_2026,582328,,50.861260,-114.224540,Visible,,
MRU-ELK,L18_ASCCA03_31_July_2026,582330,,50.860410,-114.235470,Visible,,
MRU-ELK,L15_ASCCA16_6_August_2026,583129,,50.852630,-114.215300,Visible,,
MRU-ELK,L11_ASCCA10_9_August_2026,583130,,50.854390,-114.260140,Visible,,
MRU-ELK,L17_ASCCA06_9_AUGUST_2026,583132,,50.858470,-114.254560,Visible,,
MRU-ELK,L12_ASCCA15_09_August_2026,583133,,50.854030,-114.244830,Visible,,
MRU-ELK,L10_ASCCA05_6_August_2026,583136,,50.845430,-114.210800,Visible,,
MRU-ELK,L09_ASCCA07_6_August_2026,583138,,50.841860,-114.230580,Visible,,
MRU-ELK,L04_ASCCA17_6_August_2026,583185,,50.838730,-114.230950,Visible,,
MRU-ELK,L16_ASCCA13_9_August_2026,583186,,50.858890,-114.263060,Visible,,
MRU-ELK,L13_ASCCA01_9_August_2026,583187,,50.850390,-114.257970,Visible,,
MRU-ELK,L05_ASCCA08_6_August_2026,583189,,50.843080,-114.216210,Visible,,
MRU-ELK,L08_ASCCA02_6_August_2026,583191,,50.842720,-114.234880,Visible,,
