"","time_diff","location"
"1",NA,"L18_ASCCA03_31_July_2026"
"2",1,"L18_ASCCA03_31_July_2026"
"3",0,"L18_ASCCA03_31_July_2026"
"4",1,"L18_ASCCA03_31_July_2026"
"5",0,"L18_ASCCA03_31_July_2026"
"6",1,"L18_ASCCA03_31_July_2026"
"7",1,"L18_ASCCA03_31_July_2026"
"8",0,"L18_ASCCA03_31_July_2026"
"9",1,"L18_ASCCA03_31_July_2026"
"10",1582,"L18_ASCCA03_31_July_2026"
"11",1,"L18_ASCCA03_31_July_2026"
"12",1,"L18_ASCCA03_31_July_2026"
"13",0,"L18_ASCCA03_31_July_2026"
"14",1,"L18_ASCCA03_31_July_2026"
"15",0,"L18_ASCCA03_31_July_2026"
"16",28,"L18_ASCCA03_31_July_2026"
"17",0,"L18_ASCCA03_31_July_2026"
"18",1,"L18_ASCCA03_31_July_2026"
"19",1,"L18_ASCCA03_31_July_2026"
"20",1,"L18_ASCCA03_31_July_2026"
"21",1,"L18_ASCCA03_31_July_2026"
"22",0,"L18_ASCCA03_31_July_2026"
"23",1,"L18_ASCCA03_31_July_2026"
"24",0,"L18_ASCCA03_31_July_2026"
"25",1,"L18_ASCCA03_31_July_2026"
"26",0,"L18_ASCCA03_31_July_2026"
"27",1,"L18_ASCCA03_31_July_2026"
"28",1,"L18_ASCCA03_31_July_2026"
"29",0,"L18_ASCCA03_31_July_2026"
"30",1,"L18_ASCCA03_31_July_2026"
"31",2,"L18_ASCCA03_31_July_2026"
"32",1,"L18_ASCCA03_31_July_2026"
"33",0,"L18_ASCCA03_31_July_2026"
"34",1,"L18_ASCCA03_31_July_2026"
"35",1,"L18_ASCCA03_31_July_2026"
"36",0,"L18_ASCCA03_31_July_2026"
"37",1,"L18_ASCCA03_31_July_2026"
"38",0,"L18_ASCCA03_31_July_2026"
"39",1,"L18_ASCCA03_31_July_2026"
"40",0,"L18_ASCCA03_31_July_2026"
"41",1,"L18_ASCCA03_31_July_2026"
"42",1,"L18_ASCCA03_31_July_2026"
"43",0,"L18_ASCCA03_31_July_2026"
"44",1,"L18_ASCCA03_31_July_2026"
"45",0,"L18_ASCCA03_31_July_2026"
"46",3,"L18_ASCCA03_31_July_2026"
"47",1,"L18_ASCCA03_31_July_2026"
"48",0,"L18_ASCCA03_31_July_2026"
"49",1,"L18_ASCCA03_31_July_2026"
"50",0,"L18_ASCCA03_31_July_2026"
"51",1,"L18_ASCCA03_31_July_2026"
"52",4,"L18_ASCCA03_31_July_2026"
"53",1,"L18_ASCCA03_31_July_2026"
"54",0,"L18_ASCCA03_31_July_2026"
"55",1,"L18_ASCCA03_31_July_2026"
"56",0,"L18_ASCCA03_31_July_2026"
"57",1,"L18_ASCCA03_31_July_2026"
"58",0,"L18_ASCCA03_31_July_2026"
"59",1,"L18_ASCCA03_31_July_2026"
"60",1,"L18_ASCCA03_31_July_2026"
"61",0,"L18_ASCCA03_31_July_2026"
"62",1,"L18_ASCCA03_31_July_2026"
"63",0,"L18_ASCCA03_31_July_2026"
"64",1,"L18_ASCCA03_31_July_2026"
"65",0,"L18_ASCCA03_31_July_2026"
"66",1,"L18_ASCCA03_31_July_2026"
"67",1,"L18_ASCCA03_31_July_2026"
"68",0,"L18_ASCCA03_31_July_2026"
"69",1,"L18_ASCCA03_31_July_2026"
"70",0,"L18_ASCCA03_31_July_2026"
"71",1,"L18_ASCCA03_31_July_2026"
"72",0,"L18_ASCCA03_31_July_2026"
"73",1196,"L18_ASCCA03_31_July_2026"
"74",0,"L18_ASCCA03_31_July_2026"
"75",1,"L18_ASCCA03_31_July_2026"
"76",0,"L18_ASCCA03_31_July_2026"
"77",1,"L18_ASCCA03_31_July_2026"
"78",111,"L18_ASCCA03_31_July_2026"
"79",NA,"L20_ASCCA19_31_JULY_2026"
"80",0,"L20_ASCCA19_31_JULY_2026"
"81",1,"L20_ASCCA19_31_JULY_2026"
"82",0,"L20_ASCCA19_31_JULY_2026"
"83",1,"L20_ASCCA19_31_JULY_2026"
"84",0,"L20_ASCCA19_31_JULY_2026"
"85",1,"L20_ASCCA19_31_JULY_2026"
"86",1,"L20_ASCCA19_31_JULY_2026"
"87",0,"L20_ASCCA19_31_JULY_2026"
"88",1,"L20_ASCCA19_31_JULY_2026"
"89",0,"L20_ASCCA19_31_JULY_2026"
"90",1,"L20_ASCCA19_31_JULY_2026"
"91",0,"L20_ASCCA19_31_JULY_2026"
"92",1,"L20_ASCCA19_31_JULY_2026"
"93",1,"L20_ASCCA19_31_JULY_2026"
"94",0,"L20_ASCCA19_31_JULY_2026"
"95",1,"L20_ASCCA19_31_JULY_2026"
"96",0,"L20_ASCCA19_31_JULY_2026"
"97",1,"L20_ASCCA19_31_JULY_2026"
"98",0,"L20_ASCCA19_31_JULY_2026"
"99",1,"L20_ASCCA19_31_JULY_2026"
"100",1,"L20_ASCCA19_31_JULY_2026"
"101",0,"L20_ASCCA19_31_JULY_2026"
"102",1,"L20_ASCCA19_31_JULY_2026"
"103",0,"L20_ASCCA19_31_JULY_2026"
"104",1,"L20_ASCCA19_31_JULY_2026"
"105",0,"L20_ASCCA19_31_JULY_2026"
"106",1,"L20_ASCCA19_31_JULY_2026"
"107",1,"L20_ASCCA19_31_JULY_2026"
"108",0,"L20_ASCCA19_31_JULY_2026"
"109",1,"L20_ASCCA19_31_JULY_2026"
"110",0,"L20_ASCCA19_31_JULY_2026"
"111",1,"L20_ASCCA19_31_JULY_2026"
"112",9,"L20_ASCCA19_31_JULY_2026"
"113",1,"L20_ASCCA19_31_JULY_2026"
"114",1,"L20_ASCCA19_31_JULY_2026"
"115",0,"L20_ASCCA19_31_JULY_2026"
"116",1,"L20_ASCCA19_31_JULY_2026"
"117",0,"L20_ASCCA19_31_JULY_2026"
"118",1,"L20_ASCCA19_31_JULY_2026"
"119",0,"L20_ASCCA19_31_JULY_2026"
"120",1,"L20_ASCCA19_31_JULY_2026"
"121",1,"L20_ASCCA19_31_JULY_2026"
"122",0,"L20_ASCCA19_31_JULY_2026"
"123",1,"L20_ASCCA19_31_JULY_2026"
"124",0,"L20_ASCCA19_31_JULY_2026"
"125",1,"L20_ASCCA19_31_JULY_2026"
"126",0,"L20_ASCCA19_31_JULY_2026"
"127",1,"L20_ASCCA19_31_JULY_2026"
"128",1,"L20_ASCCA19_31_JULY_2026"
"129",0,"L20_ASCCA19_31_JULY_2026"
"130",1,"L20_ASCCA19_31_JULY_2026"
"131",0,"L20_ASCCA19_31_JULY_2026"
"132",1,"L20_ASCCA19_31_JULY_2026"
"133",6,"L20_ASCCA19_31_JULY_2026"
"134",1,"L20_ASCCA19_31_JULY_2026"
"135",0,"L20_ASCCA19_31_JULY_2026"
"136",1,"L20_ASCCA19_31_JULY_2026"
"137",0,"L20_ASCCA19_31_JULY_2026"
"138",1,"L20_ASCCA19_31_JULY_2026"
"139",523,"L20_ASCCA19_31_JULY_2026"
"140",1,"L20_ASCCA19_31_JULY_2026"
"141",0,"L20_ASCCA19_31_JULY_2026"
"142",1,"L20_ASCCA19_31_JULY_2026"
"143",0,"L20_ASCCA19_31_JULY_2026"
"144",1,"L20_ASCCA19_31_JULY_2026"
"145",1,"L20_ASCCA19_31_JULY_2026"
"146",0,"L20_ASCCA19_31_JULY_2026"
"147",1,"L20_ASCCA19_31_JULY_2026"
"148",0,"L20_ASCCA19_31_JULY_2026"
"149",1,"L20_ASCCA19_31_JULY_2026"
"150",0,"L20_ASCCA19_31_JULY_2026"
"151",1,"L20_ASCCA19_31_JULY_2026"
"152",1,"L20_ASCCA19_31_JULY_2026"
"153",0,"L20_ASCCA19_31_JULY_2026"
"154",2,"L20_ASCCA19_31_JULY_2026"
"155",0,"L20_ASCCA19_31_JULY_2026"
"156",1,"L20_ASCCA19_31_JULY_2026"
"157",0,"L20_ASCCA19_31_JULY_2026"
"158",1,"L20_ASCCA19_31_JULY_2026"
"159",1,"L20_ASCCA19_31_JULY_2026"
"160",4,"L20_ASCCA19_31_JULY_2026"
"161",1,"L20_ASCCA19_31_JULY_2026"
"162",1,"L20_ASCCA19_31_JULY_2026"
"163",0,"L20_ASCCA19_31_JULY_2026"
"164",1,"L20_ASCCA19_31_JULY_2026"
"165",0,"L20_ASCCA19_31_JULY_2026"
"166",1,"L20_ASCCA19_31_JULY_2026"
"167",0,"L20_ASCCA19_31_JULY_2026"
"168",1,"L20_ASCCA19_31_JULY_2026"
"169",1,"L20_ASCCA19_31_JULY_2026"
"170",0,"L20_ASCCA19_31_JULY_2026"
"171",1,"L20_ASCCA19_31_JULY_2026"
"172",0,"L20_ASCCA19_31_JULY_2026"
"173",1,"L20_ASCCA19_31_JULY_2026"
"174",0,"L20_ASCCA19_31_JULY_2026"
"175",1,"L20_ASCCA19_31_JULY_2026"
"176",1,"L20_ASCCA19_31_JULY_2026"
"177",0,"L20_ASCCA19_31_JULY_2026"
"178",128,"L20_ASCCA19_31_JULY_2026"
"179",1,"L20_ASCCA19_31_JULY_2026"
"180",1,"L20_ASCCA19_31_JULY_2026"
"181",0,"L20_ASCCA19_31_JULY_2026"
"182",1,"L20_ASCCA19_31_JULY_2026"
"183",0,"L20_ASCCA19_31_JULY_2026"
"184",1,"L20_ASCCA19_31_JULY_2026"
"185",0,"L20_ASCCA19_31_JULY_2026"
"186",1,"L20_ASCCA19_31_JULY_2026"
"187",1,"L20_ASCCA19_31_JULY_2026"
"188",0,"L20_ASCCA19_31_JULY_2026"
"189",1,"L20_ASCCA19_31_JULY_2026"
"190",0,"L20_ASCCA19_31_JULY_2026"
"191",1,"L20_ASCCA19_31_JULY_2026"
"192",1,"L20_ASCCA19_31_JULY_2026"
"193",0,"L20_ASCCA19_31_JULY_2026"
"194",1,"L20_ASCCA19_31_JULY_2026"
"195",0,"L20_ASCCA19_31_JULY_2026"
"196",1,"L20_ASCCA19_31_JULY_2026"
"197",0,"L20_ASCCA19_31_JULY_2026"
"198",1,"L20_ASCCA19_31_JULY_2026"
"199",1,"L20_ASCCA19_31_JULY_2026"
"200",0,"L20_ASCCA19_31_JULY_2026"
"201",1,"L20_ASCCA19_31_JULY_2026"
"202",0,"L20_ASCCA19_31_JULY_2026"
"203",1,"L20_ASCCA19_31_JULY_2026"
"204",0,"L20_ASCCA19_31_JULY_2026"
"205",2,"L20_ASCCA19_31_JULY_2026"
"206",1,"L20_ASCCA19_31_JULY_2026"
"207",0,"L20_ASCCA19_31_JULY_2026"
"208",1,"L20_ASCCA19_31_JULY_2026"
"209",0,"L20_ASCCA19_31_JULY_2026"
"210",1,"L20_ASCCA19_31_JULY_2026"
"211",586,"L20_ASCCA19_31_JULY_2026"
"212",0,"L20_ASCCA19_31_JULY_2026"
"213",1,"L20_ASCCA19_31_JULY_2026"
"214",20,"L20_ASCCA19_31_JULY_2026"
"215",1,"L20_ASCCA19_31_JULY_2026"
"216",1,"L20_ASCCA19_31_JULY_2026"
"217",0,"L20_ASCCA19_31_JULY_2026"
"218",1,"L20_ASCCA19_31_JULY_2026"
"219",1,"L20_ASCCA19_31_JULY_2026"
"220",0,"L20_ASCCA19_31_JULY_2026"
"221",1,"L20_ASCCA19_31_JULY_2026"
"222",0,"L20_ASCCA19_31_JULY_2026"
"223",1,"L20_ASCCA19_31_JULY_2026"
"224",1,"L20_ASCCA19_31_JULY_2026"
"225",0,"L20_ASCCA19_31_JULY_2026"
"226",1,"L20_ASCCA19_31_JULY_2026"
"227",0,"L20_ASCCA19_31_JULY_2026"
"228",1,"L20_ASCCA19_31_JULY_2026"
"229",1,"L20_ASCCA19_31_JULY_2026"
"230",1,"L20_ASCCA19_31_JULY_2026"
"231",1,"L20_ASCCA19_31_JULY_2026"
"232",1,"L20_ASCCA19_31_JULY_2026"
"233",0,"L20_ASCCA19_31_JULY_2026"
"234",1,"L20_ASCCA19_31_JULY_2026"
"235",0,"L20_ASCCA19_31_JULY_2026"
"236",1,"L20_ASCCA19_31_JULY_2026"
"237",1,"L20_ASCCA19_31_JULY_2026"
"238",10,"L20_ASCCA19_31_JULY_2026"
"239",0,"L20_ASCCA19_31_JULY_2026"
"240",1,"L20_ASCCA19_31_JULY_2026"
"241",1,"L20_ASCCA19_31_JULY_2026"
"242",0,"L20_ASCCA19_31_JULY_2026"
"243",1,"L20_ASCCA19_31_JULY_2026"
"244",0,"L20_ASCCA19_31_JULY_2026"
"245",1,"L20_ASCCA19_31_JULY_2026"
"246",1,"L20_ASCCA19_31_JULY_2026"
"247",1,"L20_ASCCA19_31_JULY_2026"
"248",0,"L20_ASCCA19_31_JULY_2026"
"249",3,"L20_ASCCA19_31_JULY_2026"
"250",1,"L20_ASCCA19_31_JULY_2026"
"251",0,"L20_ASCCA19_31_JULY_2026"
"252",1,"L20_ASCCA19_31_JULY_2026"
"253",1,"L20_ASCCA19_31_JULY_2026"
"254",9,"L20_ASCCA19_31_JULY_2026"
"255",0,"L20_ASCCA19_31_JULY_2026"
"256",1,"L20_ASCCA19_31_JULY_2026"
"257",1,"L20_ASCCA19_31_JULY_2026"
"258",0,"L20_ASCCA19_31_JULY_2026"
"259",1,"L20_ASCCA19_31_JULY_2026"
"260",8,"L20_ASCCA19_31_JULY_2026"
"261",1,"L20_ASCCA19_31_JULY_2026"
"262",1,"L20_ASCCA19_31_JULY_2026"
"263",0,"L20_ASCCA19_31_JULY_2026"
"264",1,"L20_ASCCA19_31_JULY_2026"
"265",1,"L20_ASCCA19_31_JULY_2026"
"266",0,"L20_ASCCA19_31_JULY_2026"
"267",1,"L20_ASCCA19_31_JULY_2026"
"268",0,"L20_ASCCA19_31_JULY_2026"
"269",1,"L20_ASCCA19_31_JULY_2026"
"270",1,"L20_ASCCA19_31_JULY_2026"
"271",0,"L20_ASCCA19_31_JULY_2026"
"272",1,"L20_ASCCA19_31_JULY_2026"
"273",0,"L20_ASCCA19_31_JULY_2026"
"274",1,"L20_ASCCA19_31_JULY_2026"
"275",1,"L20_ASCCA19_31_JULY_2026"
"276",0,"L20_ASCCA19_31_JULY_2026"
"277",1,"L20_ASCCA19_31_JULY_2026"
"278",1,"L20_ASCCA19_31_JULY_2026"
"279",0,"L20_ASCCA19_31_JULY_2026"
"280",1,"L20_ASCCA19_31_JULY_2026"
"281",1,"L20_ASCCA19_31_JULY_2026"
"282",1,"L20_ASCCA19_31_JULY_2026"
"283",1,"L20_ASCCA19_31_JULY_2026"
"284",0,"L20_ASCCA19_31_JULY_2026"
"285",1,"L20_ASCCA19_31_JULY_2026"
"286",0,"L20_ASCCA19_31_JULY_2026"
"287",1,"L20_ASCCA19_31_JULY_2026"
"288",1,"L20_ASCCA19_31_JULY_2026"
"289",0,"L20_ASCCA19_31_JULY_2026"
"290",2,"L20_ASCCA19_31_JULY_2026"
"291",1,"L20_ASCCA19_31_JULY_2026"
"292",0,"L20_ASCCA19_31_JULY_2026"
"293",1,"L20_ASCCA19_31_JULY_2026"
"294",0,"L20_ASCCA19_31_JULY_2026"
"295",1,"L20_ASCCA19_31_JULY_2026"
"296",1,"L20_ASCCA19_31_JULY_2026"
"297",0,"L20_ASCCA19_31_JULY_2026"
"298",1,"L20_ASCCA19_31_JULY_2026"
"299",0,"L20_ASCCA19_31_JULY_2026"
"300",1,"L20_ASCCA19_31_JULY_2026"
"301",1,"L20_ASCCA19_31_JULY_2026"
"302",1,"L20_ASCCA19_31_JULY_2026"
"303",1,"L20_ASCCA19_31_JULY_2026"
"304",0,"L20_ASCCA19_31_JULY_2026"
"305",1,"L20_ASCCA19_31_JULY_2026"
"306",1,"L20_ASCCA19_31_JULY_2026"
"307",1,"L20_ASCCA19_31_JULY_2026"
"308",1,"L20_ASCCA19_31_JULY_2026"
"309",0,"L20_ASCCA19_31_JULY_2026"
"310",1,"L20_ASCCA19_31_JULY_2026"
"311",1,"L20_ASCCA19_31_JULY_2026"
"312",0,"L20_ASCCA19_31_JULY_2026"
"313",1,"L20_ASCCA19_31_JULY_2026"
"314",1,"L20_ASCCA19_31_JULY_2026"
"315",1,"L20_ASCCA19_31_JULY_2026"
"316",1,"L20_ASCCA19_31_JULY_2026"
"317",0,"L20_ASCCA19_31_JULY_2026"
"318",1,"L20_ASCCA19_31_JULY_2026"
"319",1,"L20_ASCCA19_31_JULY_2026"
"320",1,"L20_ASCCA19_31_JULY_2026"
"321",1,"L20_ASCCA19_31_JULY_2026"
"322",0,"L20_ASCCA19_31_JULY_2026"
"323",1,"L20_ASCCA19_31_JULY_2026"
"324",1,"L20_ASCCA19_31_JULY_2026"
"325",9,"L20_ASCCA19_31_JULY_2026"
"326",0,"L20_ASCCA19_31_JULY_2026"
"327",1,"L20_ASCCA19_31_JULY_2026"
"328",1,"L20_ASCCA19_31_JULY_2026"
"329",0,"L20_ASCCA19_31_JULY_2026"
"330",1,"L20_ASCCA19_31_JULY_2026"
"331",1,"L20_ASCCA19_31_JULY_2026"
"332",1,"L20_ASCCA19_31_JULY_2026"
"333",0,"L20_ASCCA19_31_JULY_2026"
"334",1,"L20_ASCCA19_31_JULY_2026"
"335",1,"L20_ASCCA19_31_JULY_2026"
"336",1,"L20_ASCCA19_31_JULY_2026"
"337",0,"L20_ASCCA19_31_JULY_2026"
"338",1,"L20_ASCCA19_31_JULY_2026"
"339",1,"L20_ASCCA19_31_JULY_2026"
"340",0,"L20_ASCCA19_31_JULY_2026"
"341",1,"L20_ASCCA19_31_JULY_2026"
"342",1,"L20_ASCCA19_31_JULY_2026"
"343",0,"L20_ASCCA19_31_JULY_2026"
"344",1,"L20_ASCCA19_31_JULY_2026"
"345",1,"L20_ASCCA19_31_JULY_2026"
"346",1,"L20_ASCCA19_31_JULY_2026"
"347",1,"L20_ASCCA19_31_JULY_2026"
"348",0,"L20_ASCCA19_31_JULY_2026"
"349",1,"L20_ASCCA19_31_JULY_2026"
"350",1,"L20_ASCCA19_31_JULY_2026"
"351",1,"L20_ASCCA19_31_JULY_2026"
"352",1,"L20_ASCCA19_31_JULY_2026"
"353",0,"L20_ASCCA19_31_JULY_2026"
"354",41,"L20_ASCCA19_31_JULY_2026"
"355",1,"L20_ASCCA19_31_JULY_2026"
"356",1,"L20_ASCCA19_31_JULY_2026"
"357",0,"L20_ASCCA19_31_JULY_2026"
"358",1,"L20_ASCCA19_31_JULY_2026"
"359",1,"L20_ASCCA19_31_JULY_2026"
"360",5,"L20_ASCCA19_31_JULY_2026"
"361",1,"L20_ASCCA19_31_JULY_2026"
"362",1,"L20_ASCCA19_31_JULY_2026"
"363",2,"L20_ASCCA19_31_JULY_2026"
"364",0,"L20_ASCCA19_31_JULY_2026"
"365",1,"L20_ASCCA19_31_JULY_2026"
"366",0,"L20_ASCCA19_31_JULY_2026"
"367",1,"L20_ASCCA19_31_JULY_2026"
"368",1,"L20_ASCCA19_31_JULY_2026"
"369",1,"L20_ASCCA19_31_JULY_2026"
"370",1,"L20_ASCCA19_31_JULY_2026"
"371",0,"L20_ASCCA19_31_JULY_2026"
"372",2,"L20_ASCCA19_31_JULY_2026"
"373",1,"L20_ASCCA19_31_JULY_2026"
"374",8,"L20_ASCCA19_31_JULY_2026"
"375",0,"L20_ASCCA19_31_JULY_2026"
"376",1,"L20_ASCCA19_31_JULY_2026"
"377",1,"L20_ASCCA19_31_JULY_2026"
"378",1,"L20_ASCCA19_31_JULY_2026"
"379",1,"L20_ASCCA19_31_JULY_2026"
"380",1,"L20_ASCCA19_31_JULY_2026"
"381",1,"L20_ASCCA19_31_JULY_2026"
"382",0,"L20_ASCCA19_31_JULY_2026"
"383",1,"L20_ASCCA19_31_JULY_2026"
"384",0,"L20_ASCCA19_31_JULY_2026"
"385",1,"L20_ASCCA19_31_JULY_2026"
"386",1,"L20_ASCCA19_31_JULY_2026"
"387",1,"L20_ASCCA19_31_JULY_2026"
"388",0,"L20_ASCCA19_31_JULY_2026"
"389",1,"L20_ASCCA19_31_JULY_2026"
"390",1,"L20_ASCCA19_31_JULY_2026"
"391",1,"L20_ASCCA19_31_JULY_2026"
"392",0,"L20_ASCCA19_31_JULY_2026"
"393",1,"L20_ASCCA19_31_JULY_2026"
"394",0,"L20_ASCCA19_31_JULY_2026"
"395",1,"L20_ASCCA19_31_JULY_2026"
"396",1,"L20_ASCCA19_31_JULY_2026"
"397",63,"L20_ASCCA19_31_JULY_2026"
"398",0,"L20_ASCCA19_31_JULY_2026"
"399",1,"L20_ASCCA19_31_JULY_2026"
"400",2,"L20_ASCCA19_31_JULY_2026"
"401",0,"L20_ASCCA19_31_JULY_2026"
"402",1,"L20_ASCCA19_31_JULY_2026"
"403",0,"L20_ASCCA19_31_JULY_2026"
"404",1,"L20_ASCCA19_31_JULY_2026"
"405",1,"L20_ASCCA19_31_JULY_2026"
"406",2,"L20_ASCCA19_31_JULY_2026"
"407",0,"L20_ASCCA19_31_JULY_2026"
"408",1,"L20_ASCCA19_31_JULY_2026"
"409",1,"L20_ASCCA19_31_JULY_2026"
"410",0,"L20_ASCCA19_31_JULY_2026"
"411",3,"L20_ASCCA19_31_JULY_2026"
"412",0,"L20_ASCCA19_31_JULY_2026"
"413",1,"L20_ASCCA19_31_JULY_2026"
"414",14,"L20_ASCCA19_31_JULY_2026"
"415",0,"L20_ASCCA19_31_JULY_2026"
"416",1,"L20_ASCCA19_31_JULY_2026"
"417",1,"L20_ASCCA19_31_JULY_2026"
"418",0,"L20_ASCCA19_31_JULY_2026"
"419",1,"L20_ASCCA19_31_JULY_2026"
"420",1,"L20_ASCCA19_31_JULY_2026"
"421",0,"L20_ASCCA19_31_JULY_2026"
"422",1,"L20_ASCCA19_31_JULY_2026"
"423",0,"L20_ASCCA19_31_JULY_2026"
"424",1,"L20_ASCCA19_31_JULY_2026"
"425",1,"L20_ASCCA19_31_JULY_2026"
"426",1,"L20_ASCCA19_31_JULY_2026"
"427",1,"L20_ASCCA19_31_JULY_2026"
"428",1,"L20_ASCCA19_31_JULY_2026"
"429",1,"L20_ASCCA19_31_JULY_2026"
"430",1,"L20_ASCCA19_31_JULY_2026"
"431",1,"L20_ASCCA19_31_JULY_2026"
"432",0,"L20_ASCCA19_31_JULY_2026"
"433",1,"L20_ASCCA19_31_JULY_2026"
"434",1,"L20_ASCCA19_31_JULY_2026"
"435",0,"L20_ASCCA19_31_JULY_2026"
"436",1,"L20_ASCCA19_31_JULY_2026"
"437",1,"L20_ASCCA19_31_JULY_2026"
"438",1,"L20_ASCCA19_31_JULY_2026"
"439",0,"L20_ASCCA19_31_JULY_2026"
"440",1,"L20_ASCCA19_31_JULY_2026"
"441",0,"L20_ASCCA19_31_JULY_2026"
"442",1,"L20_ASCCA19_31_JULY_2026"
"443",1,"L20_ASCCA19_31_JULY_2026"
"444",0,"L20_ASCCA19_31_JULY_2026"
"445",1,"L20_ASCCA19_31_JULY_2026"
"446",0,"L20_ASCCA19_31_JULY_2026"
"447",1,"L20_ASCCA19_31_JULY_2026"
"448",1,"L20_ASCCA19_31_JULY_2026"
"449",0,"L20_ASCCA19_31_JULY_2026"
"450",1,"L20_ASCCA19_31_JULY_2026"
"451",1,"L20_ASCCA19_31_JULY_2026"
"452",0,"L20_ASCCA19_31_JULY_2026"
"453",1,"L20_ASCCA19_31_JULY_2026"
"454",0,"L20_ASCCA19_31_JULY_2026"
"455",1,"L20_ASCCA19_31_JULY_2026"
"456",1,"L20_ASCCA19_31_JULY_2026"
"457",0,"L20_ASCCA19_31_JULY_2026"
"458",1,"L20_ASCCA19_31_JULY_2026"
"459",0,"L20_ASCCA19_31_JULY_2026"
"460",1,"L20_ASCCA19_31_JULY_2026"
"461",1,"L20_ASCCA19_31_JULY_2026"
"462",0,"L20_ASCCA19_31_JULY_2026"
"463",1,"L20_ASCCA19_31_JULY_2026"
"464",1,"L20_ASCCA19_31_JULY_2026"
"465",0,"L20_ASCCA19_31_JULY_2026"
"466",1,"L20_ASCCA19_31_JULY_2026"
"467",0,"L20_ASCCA19_31_JULY_2026"
"468",1,"L20_ASCCA19_31_JULY_2026"
"469",1,"L20_ASCCA19_31_JULY_2026"
"470",0,"L20_ASCCA19_31_JULY_2026"
"471",1,"L20_ASCCA19_31_JULY_2026"
"472",0,"L20_ASCCA19_31_JULY_2026"
"473",1,"L20_ASCCA19_31_JULY_2026"
"474",1,"L20_ASCCA19_31_JULY_2026"
"475",0,"L20_ASCCA19_31_JULY_2026"
"476",1,"L20_ASCCA19_31_JULY_2026"
"477",1,"L20_ASCCA19_31_JULY_2026"
"478",0,"L20_ASCCA19_31_JULY_2026"
"479",1,"L20_ASCCA19_31_JULY_2026"
"480",0,"L20_ASCCA19_31_JULY_2026"
"481",1,"L20_ASCCA19_31_JULY_2026"
"482",1,"L20_ASCCA19_31_JULY_2026"
"483",0,"L20_ASCCA19_31_JULY_2026"
"484",1,"L20_ASCCA19_31_JULY_2026"
"485",0,"L20_ASCCA19_31_JULY_2026"
"486",1,"L20_ASCCA19_31_JULY_2026"
"487",1,"L20_ASCCA19_31_JULY_2026"
"488",0,"L20_ASCCA19_31_JULY_2026"
"489",1,"L20_ASCCA19_31_JULY_2026"
"490",1,"L20_ASCCA19_31_JULY_2026"
"491",1,"L20_ASCCA19_31_JULY_2026"
"492",1,"L20_ASCCA19_31_JULY_2026"
"493",0,"L20_ASCCA19_31_JULY_2026"
"494",1,"L20_ASCCA19_31_JULY_2026"
"495",1,"L20_ASCCA19_31_JULY_2026"
"496",0,"L20_ASCCA19_31_JULY_2026"
"497",1,"L20_ASCCA19_31_JULY_2026"
"498",1,"L20_ASCCA19_31_JULY_2026"
"499",0,"L20_ASCCA19_31_JULY_2026"
"500",1,"L20_ASCCA19_31_JULY_2026"
"501",0,"L20_ASCCA19_31_JULY_2026"
"502",1,"L20_ASCCA19_31_JULY_2026"
"503",1,"L20_ASCCA19_31_JULY_2026"
"504",0,"L20_ASCCA19_31_JULY_2026"
"505",1,"L20_ASCCA19_31_JULY_2026"
"506",0,"L20_ASCCA19_31_JULY_2026"
"507",1,"L20_ASCCA19_31_JULY_2026"
"508",1,"L20_ASCCA19_31_JULY_2026"
"509",0,"L20_ASCCA19_31_JULY_2026"
"510",1,"L20_ASCCA19_31_JULY_2026"
"511",1,"L20_ASCCA19_31_JULY_2026"
"512",0,"L20_ASCCA19_31_JULY_2026"
"513",1,"L20_ASCCA19_31_JULY_2026"
"514",0,"L20_ASCCA19_31_JULY_2026"
"515",1,"L20_ASCCA19_31_JULY_2026"
"516",1,"L20_ASCCA19_31_JULY_2026"
"517",0,"L20_ASCCA19_31_JULY_2026"
"518",1,"L20_ASCCA19_31_JULY_2026"
"519",0,"L20_ASCCA19_31_JULY_2026"
"520",1,"L20_ASCCA19_31_JULY_2026"
"521",1,"L20_ASCCA19_31_JULY_2026"
"522",0,"L20_ASCCA19_31_JULY_2026"
"523",1,"L20_ASCCA19_31_JULY_2026"
"524",1,"L20_ASCCA19_31_JULY_2026"
"525",0,"L20_ASCCA19_31_JULY_2026"
"526",1,"L20_ASCCA19_31_JULY_2026"
"527",0,"L20_ASCCA19_31_JULY_2026"
"528",1,"L20_ASCCA19_31_JULY_2026"
"529",1,"L20_ASCCA19_31_JULY_2026"
"530",0,"L20_ASCCA19_31_JULY_2026"
"531",1,"L20_ASCCA19_31_JULY_2026"
"532",1,"L20_ASCCA19_31_JULY_2026"
"533",0,"L20_ASCCA19_31_JULY_2026"
"534",1,"L20_ASCCA19_31_JULY_2026"
"535",1,"L20_ASCCA19_31_JULY_2026"
"536",0,"L20_ASCCA19_31_JULY_2026"
"537",1,"L20_ASCCA19_31_JULY_2026"
"538",0,"L20_ASCCA19_31_JULY_2026"
"539",1,"L20_ASCCA19_31_JULY_2026"
"540",1,"L20_ASCCA19_31_JULY_2026"
"541",0,"L20_ASCCA19_31_JULY_2026"
"542",1,"L20_ASCCA19_31_JULY_2026"
"543",1,"L20_ASCCA19_31_JULY_2026"
"544",0,"L20_ASCCA19_31_JULY_2026"
"545",1,"L20_ASCCA19_31_JULY_2026"
"546",1,"L20_ASCCA19_31_JULY_2026"
"547",0,"L20_ASCCA19_31_JULY_2026"
"548",1,"L20_ASCCA19_31_JULY_2026"
"549",0,"L20_ASCCA19_31_JULY_2026"
"550",1,"L20_ASCCA19_31_JULY_2026"
"551",25,"L20_ASCCA19_31_JULY_2026"
"552",0,"L20_ASCCA19_31_JULY_2026"
"553",1,"L20_ASCCA19_31_JULY_2026"
"554",0,"L20_ASCCA19_31_JULY_2026"
"555",1,"L20_ASCCA19_31_JULY_2026"
"556",1,"L20_ASCCA19_31_JULY_2026"
"557",0,"L20_ASCCA19_31_JULY_2026"
"558",1,"L20_ASCCA19_31_JULY_2026"
"559",1,"L20_ASCCA19_31_JULY_2026"
"560",2767075,"L20_ASCCA19_31_JULY_2026"
"561",0,"L20_ASCCA19_31_JULY_2026"
"562",1,"L20_ASCCA19_31_JULY_2026"
"563",0,"L20_ASCCA19_31_JULY_2026"
"564",1,"L20_ASCCA19_31_JULY_2026"
"565",0,"L20_ASCCA19_31_JULY_2026"
"566",1,"L20_ASCCA19_31_JULY_2026"
"567",1,"L20_ASCCA19_31_JULY_2026"
"568",0,"L20_ASCCA19_31_JULY_2026"
"569",1,"L20_ASCCA19_31_JULY_2026"
"570",0,"L20_ASCCA19_31_JULY_2026"
"571",1,"L20_ASCCA19_31_JULY_2026"
"572",0,"L20_ASCCA19_31_JULY_2026"
"573",1,"L20_ASCCA19_31_JULY_2026"
"574",0,"L20_ASCCA19_31_JULY_2026"
"575",1,"L20_ASCCA19_31_JULY_2026"
"576",1,"L20_ASCCA19_31_JULY_2026"
"577",0,"L20_ASCCA19_31_JULY_2026"
"578",1,"L20_ASCCA19_31_JULY_2026"
"579",0,"L20_ASCCA19_31_JULY_2026"
"580",1,"L20_ASCCA19_31_JULY_2026"
"581",0,"L20_ASCCA19_31_JULY_2026"
"582",1,"L20_ASCCA19_31_JULY_2026"
"583",0,"L20_ASCCA19_31_JULY_2026"
"584",13,"L20_ASCCA19_31_JULY_2026"
"585",1,"L20_ASCCA19_31_JULY_2026"
"586",0,"L20_ASCCA19_31_JULY_2026"
"587",1,"L20_ASCCA19_31_JULY_2026"
"588",0,"L20_ASCCA19_31_JULY_2026"
"589",1,"L20_ASCCA19_31_JULY_2026"
"590",4,"L20_ASCCA19_31_JULY_2026"
"591",1,"L20_ASCCA19_31_JULY_2026"
"592",0,"L20_ASCCA19_31_JULY_2026"
"593",1,"L20_ASCCA19_31_JULY_2026"
"594",0,"L20_ASCCA19_31_JULY_2026"
"595",1,"L20_ASCCA19_31_JULY_2026"
"596",8,"L20_ASCCA19_31_JULY_2026"
"597",1,"L20_ASCCA19_31_JULY_2026"
"598",0,"L20_ASCCA19_31_JULY_2026"
"599",4,"L20_ASCCA19_31_JULY_2026"
"600",0,"L20_ASCCA19_31_JULY_2026"
"601",1,"L20_ASCCA19_31_JULY_2026"
"602",0,"L20_ASCCA19_31_JULY_2026"
"603",1,"L20_ASCCA19_31_JULY_2026"
"604",0,"L20_ASCCA19_31_JULY_2026"
"605",2,"L20_ASCCA19_31_JULY_2026"
"606",1,"L20_ASCCA19_31_JULY_2026"
"607",0,"L20_ASCCA19_31_JULY_2026"
"608",1,"L20_ASCCA19_31_JULY_2026"
"609",0,"L20_ASCCA19_31_JULY_2026"
"610",1,"L20_ASCCA19_31_JULY_2026"
"611",0,"L20_ASCCA19_31_JULY_2026"
"612",1,"L20_ASCCA19_31_JULY_2026"
"613",0,"L20_ASCCA19_31_JULY_2026"
"614",0,"L20_ASCCA19_31_JULY_2026"
"615",1,"L20_ASCCA19_31_JULY_2026"
"616",0,"L20_ASCCA19_31_JULY_2026"
"617",1,"L20_ASCCA19_31_JULY_2026"
"618",0,"L20_ASCCA19_31_JULY_2026"
"619",1,"L20_ASCCA19_31_JULY_2026"
"620",0,"L20_ASCCA19_31_JULY_2026"
"621",1,"L20_ASCCA19_31_JULY_2026"
"622",0,"L20_ASCCA19_31_JULY_2026"
"623",1,"L20_ASCCA19_31_JULY_2026"
"624",0,"L20_ASCCA19_31_JULY_2026"
"625",1,"L20_ASCCA19_31_JULY_2026"
"626",0,"L20_ASCCA19_31_JULY_2026"
"627",1,"L20_ASCCA19_31_JULY_2026"
"628",0,"L20_ASCCA19_31_JULY_2026"
"629",1,"L20_ASCCA19_31_JULY_2026"
"630",NA,"L20_ASCCA19_31_JULY_2026"
"631",0,"L20_ASCCA19_31_JULY_2026"
"632",1,"L20_ASCCA19_31_JULY_2026"
"633",0,"L20_ASCCA19_31_JULY_2026"
"634",1,"L20_ASCCA19_31_JULY_2026"
"635",0,"L20_ASCCA19_31_JULY_2026"
"636",1,"L20_ASCCA19_31_JULY_2026"
"637",1,"L20_ASCCA19_31_JULY_2026"
"638",0,"L20_ASCCA19_31_JULY_2026"
"639",1,"L20_ASCCA19_31_JULY_2026"
"640",0,"L20_ASCCA19_31_JULY_2026"
"641",1,"L20_ASCCA19_31_JULY_2026"
"642",0,"L20_ASCCA19_31_JULY_2026"
"643",1,"L20_ASCCA19_31_JULY_2026"
"644",1,"L20_ASCCA19_31_JULY_2026"
"645",0,"L20_ASCCA19_31_JULY_2026"
"646",1,"L20_ASCCA19_31_JULY_2026"
"647",0,"L20_ASCCA19_31_JULY_2026"
"648",1,"L20_ASCCA19_31_JULY_2026"
"649",0,"L20_ASCCA19_31_JULY_2026"
"650",1,"L20_ASCCA19_31_JULY_2026"
"651",1,"L20_ASCCA19_31_JULY_2026"
"652",0,"L20_ASCCA19_31_JULY_2026"
"653",1,"L20_ASCCA19_31_JULY_2026"
"654",0,"L20_ASCCA19_31_JULY_2026"
"655",1,"L20_ASCCA19_31_JULY_2026"
"656",0,"L20_ASCCA19_31_JULY_2026"
"657",1,"L20_ASCCA19_31_JULY_2026"
"658",1,"L20_ASCCA19_31_JULY_2026"
"659",0,"L20_ASCCA19_31_JULY_2026"
"660",1,"L20_ASCCA19_31_JULY_2026"
"661",0,"L20_ASCCA19_31_JULY_2026"
"662",1,"L20_ASCCA19_31_JULY_2026"
"663",9,"L20_ASCCA19_31_JULY_2026"
"664",1,"L20_ASCCA19_31_JULY_2026"
"665",1,"L20_ASCCA19_31_JULY_2026"
"666",0,"L20_ASCCA19_31_JULY_2026"
"667",1,"L20_ASCCA19_31_JULY_2026"
"668",0,"L20_ASCCA19_31_JULY_2026"
"669",1,"L20_ASCCA19_31_JULY_2026"
"670",0,"L20_ASCCA19_31_JULY_2026"
"671",1,"L20_ASCCA19_31_JULY_2026"
"672",1,"L20_ASCCA19_31_JULY_2026"
"673",0,"L20_ASCCA19_31_JULY_2026"
"674",1,"L20_ASCCA19_31_JULY_2026"
"675",0,"L20_ASCCA19_31_JULY_2026"
"676",1,"L20_ASCCA19_31_JULY_2026"
"677",0,"L20_ASCCA19_31_JULY_2026"
"678",1,"L20_ASCCA19_31_JULY_2026"
"679",1,"L20_ASCCA19_31_JULY_2026"
"680",0,"L20_ASCCA19_31_JULY_2026"
"681",1,"L20_ASCCA19_31_JULY_2026"
"682",0,"L20_ASCCA19_31_JULY_2026"
"683",1,"L20_ASCCA19_31_JULY_2026"
"684",6,"L20_ASCCA19_31_JULY_2026"
"685",1,"L20_ASCCA19_31_JULY_2026"
"686",0,"L20_ASCCA19_31_JULY_2026"
"687",1,"L20_ASCCA19_31_JULY_2026"
"688",0,"L20_ASCCA19_31_JULY_2026"
"689",1,"L20_ASCCA19_31_JULY_2026"
"690",523,"L20_ASCCA19_31_JULY_2026"
"691",1,"L20_ASCCA19_31_JULY_2026"
"692",0,"L20_ASCCA19_31_JULY_2026"
"693",1,"L20_ASCCA19_31_JULY_2026"
"694",0,"L20_ASCCA19_31_JULY_2026"
"695",1,"L20_ASCCA19_31_JULY_2026"
"696",1,"L20_ASCCA19_31_JULY_2026"
"697",0,"L20_ASCCA19_31_JULY_2026"
"698",1,"L20_ASCCA19_31_JULY_2026"
"699",0,"L20_ASCCA19_31_JULY_2026"
"700",1,"L20_ASCCA19_31_JULY_2026"
"701",0,"L20_ASCCA19_31_JULY_2026"
"702",1,"L20_ASCCA19_31_JULY_2026"
"703",1,"L20_ASCCA19_31_JULY_2026"
"704",0,"L20_ASCCA19_31_JULY_2026"
"705",2,"L20_ASCCA19_31_JULY_2026"
"706",0,"L20_ASCCA19_31_JULY_2026"
"707",1,"L20_ASCCA19_31_JULY_2026"
"708",0,"L20_ASCCA19_31_JULY_2026"
"709",1,"L20_ASCCA19_31_JULY_2026"
"710",1,"L20_ASCCA19_31_JULY_2026"
"711",4,"L20_ASCCA19_31_JULY_2026"
"712",1,"L20_ASCCA19_31_JULY_2026"
"713",1,"L20_ASCCA19_31_JULY_2026"
"714",0,"L20_ASCCA19_31_JULY_2026"
"715",1,"L20_ASCCA19_31_JULY_2026"
"716",0,"L20_ASCCA19_31_JULY_2026"
"717",1,"L20_ASCCA19_31_JULY_2026"
"718",0,"L20_ASCCA19_31_JULY_2026"
"719",1,"L20_ASCCA19_31_JULY_2026"
"720",1,"L20_ASCCA19_31_JULY_2026"
"721",0,"L20_ASCCA19_31_JULY_2026"
"722",1,"L20_ASCCA19_31_JULY_2026"
"723",0,"L20_ASCCA19_31_JULY_2026"
"724",1,"L20_ASCCA19_31_JULY_2026"
"725",0,"L20_ASCCA19_31_JULY_2026"
"726",1,"L20_ASCCA19_31_JULY_2026"
"727",1,"L20_ASCCA19_31_JULY_2026"
"728",0,"L20_ASCCA19_31_JULY_2026"
"729",128,"L20_ASCCA19_31_JULY_2026"
"730",1,"L20_ASCCA19_31_JULY_2026"
"731",1,"L20_ASCCA19_31_JULY_2026"
"732",0,"L20_ASCCA19_31_JULY_2026"
"733",1,"L20_ASCCA19_31_JULY_2026"
"734",0,"L20_ASCCA19_31_JULY_2026"
"735",1,"L20_ASCCA19_31_JULY_2026"
"736",0,"L20_ASCCA19_31_JULY_2026"
"737",1,"L20_ASCCA19_31_JULY_2026"
"738",1,"L20_ASCCA19_31_JULY_2026"
"739",0,"L20_ASCCA19_31_JULY_2026"
"740",1,"L20_ASCCA19_31_JULY_2026"
"741",0,"L20_ASCCA19_31_JULY_2026"
"742",1,"L20_ASCCA19_31_JULY_2026"
"743",1,"L20_ASCCA19_31_JULY_2026"
"744",0,"L20_ASCCA19_31_JULY_2026"
"745",1,"L20_ASCCA19_31_JULY_2026"
"746",0,"L20_ASCCA19_31_JULY_2026"
"747",1,"L20_ASCCA19_31_JULY_2026"
"748",0,"L20_ASCCA19_31_JULY_2026"
"749",1,"L20_ASCCA19_31_JULY_2026"
"750",1,"L20_ASCCA19_31_JULY_2026"
"751",0,"L20_ASCCA19_31_JULY_2026"
"752",1,"L20_ASCCA19_31_JULY_2026"
"753",0,"L20_ASCCA19_31_JULY_2026"
"754",1,"L20_ASCCA19_31_JULY_2026"
"755",0,"L20_ASCCA19_31_JULY_2026"
"756",2,"L20_ASCCA19_31_JULY_2026"
"757",1,"L20_ASCCA19_31_JULY_2026"
"758",0,"L20_ASCCA19_31_JULY_2026"
"759",1,"L20_ASCCA19_31_JULY_2026"
"760",0,"L20_ASCCA19_31_JULY_2026"
"761",1,"L20_ASCCA19_31_JULY_2026"
"762",586,"L20_ASCCA19_31_JULY_2026"
"763",0,"L20_ASCCA19_31_JULY_2026"
"764",1,"L20_ASCCA19_31_JULY_2026"
"765",20,"L20_ASCCA19_31_JULY_2026"
"766",1,"L20_ASCCA19_31_JULY_2026"
"767",1,"L20_ASCCA19_31_JULY_2026"
"768",0,"L20_ASCCA19_31_JULY_2026"
"769",1,"L20_ASCCA19_31_JULY_2026"
"770",1,"L20_ASCCA19_31_JULY_2026"
"771",0,"L20_ASCCA19_31_JULY_2026"
"772",1,"L20_ASCCA19_31_JULY_2026"
"773",0,"L20_ASCCA19_31_JULY_2026"
"774",1,"L20_ASCCA19_31_JULY_2026"
"775",1,"L20_ASCCA19_31_JULY_2026"
"776",0,"L20_ASCCA19_31_JULY_2026"
"777",1,"L20_ASCCA19_31_JULY_2026"
"778",0,"L20_ASCCA19_31_JULY_2026"
"779",1,"L20_ASCCA19_31_JULY_2026"
"780",1,"L20_ASCCA19_31_JULY_2026"
"781",1,"L20_ASCCA19_31_JULY_2026"
"782",1,"L20_ASCCA19_31_JULY_2026"
"783",1,"L20_ASCCA19_31_JULY_2026"
"784",0,"L20_ASCCA19_31_JULY_2026"
"785",1,"L20_ASCCA19_31_JULY_2026"
"786",0,"L20_ASCCA19_31_JULY_2026"
"787",1,"L20_ASCCA19_31_JULY_2026"
"788",1,"L20_ASCCA19_31_JULY_2026"
"789",10,"L20_ASCCA19_31_JULY_2026"
"790",0,"L20_ASCCA19_31_JULY_2026"
"791",1,"L20_ASCCA19_31_JULY_2026"
"792",1,"L20_ASCCA19_31_JULY_2026"
"793",0,"L20_ASCCA19_31_JULY_2026"
"794",1,"L20_ASCCA19_31_JULY_2026"
"795",0,"L20_ASCCA19_31_JULY_2026"
"796",1,"L20_ASCCA19_31_JULY_2026"
"797",1,"L20_ASCCA19_31_JULY_2026"
"798",1,"L20_ASCCA19_31_JULY_2026"
"799",0,"L20_ASCCA19_31_JULY_2026"
"800",3,"L20_ASCCA19_31_JULY_2026"
"801",1,"L20_ASCCA19_31_JULY_2026"
"802",0,"L20_ASCCA19_31_JULY_2026"
"803",1,"L20_ASCCA19_31_JULY_2026"
"804",1,"L20_ASCCA19_31_JULY_2026"
"805",9,"L20_ASCCA19_31_JULY_2026"
"806",0,"L20_ASCCA19_31_JULY_2026"
"807",1,"L20_ASCCA19_31_JULY_2026"
"808",1,"L20_ASCCA19_31_JULY_2026"
"809",0,"L20_ASCCA19_31_JULY_2026"
"810",1,"L20_ASCCA19_31_JULY_2026"
"811",8,"L20_ASCCA19_31_JULY_2026"
"812",1,"L20_ASCCA19_31_JULY_2026"
"813",1,"L20_ASCCA19_31_JULY_2026"
"814",0,"L20_ASCCA19_31_JULY_2026"
"815",1,"L20_ASCCA19_31_JULY_2026"
"816",1,"L20_ASCCA19_31_JULY_2026"
"817",0,"L20_ASCCA19_31_JULY_2026"
"818",1,"L20_ASCCA19_31_JULY_2026"
"819",0,"L20_ASCCA19_31_JULY_2026"
"820",1,"L20_ASCCA19_31_JULY_2026"
"821",1,"L20_ASCCA19_31_JULY_2026"
"822",0,"L20_ASCCA19_31_JULY_2026"
"823",1,"L20_ASCCA19_31_JULY_2026"
"824",0,"L20_ASCCA19_31_JULY_2026"
"825",1,"L20_ASCCA19_31_JULY_2026"
"826",1,"L20_ASCCA19_31_JULY_2026"
"827",0,"L20_ASCCA19_31_JULY_2026"
"828",1,"L20_ASCCA19_31_JULY_2026"
"829",1,"L20_ASCCA19_31_JULY_2026"
"830",0,"L20_ASCCA19_31_JULY_2026"
"831",1,"L20_ASCCA19_31_JULY_2026"
"832",1,"L20_ASCCA19_31_JULY_2026"
"833",1,"L20_ASCCA19_31_JULY_2026"
"834",1,"L20_ASCCA19_31_JULY_2026"
"835",0,"L20_ASCCA19_31_JULY_2026"
"836",1,"L20_ASCCA19_31_JULY_2026"
"837",0,"L20_ASCCA19_31_JULY_2026"
"838",1,"L20_ASCCA19_31_JULY_2026"
"839",1,"L20_ASCCA19_31_JULY_2026"
"840",0,"L20_ASCCA19_31_JULY_2026"
"841",2,"L20_ASCCA19_31_JULY_2026"
"842",1,"L20_ASCCA19_31_JULY_2026"
"843",0,"L20_ASCCA19_31_JULY_2026"
"844",1,"L20_ASCCA19_31_JULY_2026"
"845",0,"L20_ASCCA19_31_JULY_2026"
"846",1,"L20_ASCCA19_31_JULY_2026"
"847",1,"L20_ASCCA19_31_JULY_2026"
"848",0,"L20_ASCCA19_31_JULY_2026"
"849",1,"L20_ASCCA19_31_JULY_2026"
"850",0,"L20_ASCCA19_31_JULY_2026"
"851",1,"L20_ASCCA19_31_JULY_2026"
"852",1,"L20_ASCCA19_31_JULY_2026"
"853",1,"L20_ASCCA19_31_JULY_2026"
"854",1,"L20_ASCCA19_31_JULY_2026"
"855",0,"L20_ASCCA19_31_JULY_2026"
"856",1,"L20_ASCCA19_31_JULY_2026"
"857",1,"L20_ASCCA19_31_JULY_2026"
"858",1,"L20_ASCCA19_31_JULY_2026"
"859",1,"L20_ASCCA19_31_JULY_2026"
"860",0,"L20_ASCCA19_31_JULY_2026"
"861",1,"L20_ASCCA19_31_JULY_2026"
"862",1,"L20_ASCCA19_31_JULY_2026"
"863",0,"L20_ASCCA19_31_JULY_2026"
"864",1,"L20_ASCCA19_31_JULY_2026"
"865",1,"L20_ASCCA19_31_JULY_2026"
"866",1,"L20_ASCCA19_31_JULY_2026"
"867",1,"L20_ASCCA19_31_JULY_2026"
"868",0,"L20_ASCCA19_31_JULY_2026"
"869",1,"L20_ASCCA19_31_JULY_2026"
"870",1,"L20_ASCCA19_31_JULY_2026"
"871",1,"L20_ASCCA19_31_JULY_2026"
"872",1,"L20_ASCCA19_31_JULY_2026"
"873",0,"L20_ASCCA19_31_JULY_2026"
"874",1,"L20_ASCCA19_31_JULY_2026"
"875",1,"L20_ASCCA19_31_JULY_2026"
"876",9,"L20_ASCCA19_31_JULY_2026"
"877",0,"L20_ASCCA19_31_JULY_2026"
"878",1,"L20_ASCCA19_31_JULY_2026"
"879",1,"L20_ASCCA19_31_JULY_2026"
"880",0,"L20_ASCCA19_31_JULY_2026"
"881",1,"L20_ASCCA19_31_JULY_2026"
"882",1,"L20_ASCCA19_31_JULY_2026"
"883",1,"L20_ASCCA19_31_JULY_2026"
"884",0,"L20_ASCCA19_31_JULY_2026"
"885",1,"L20_ASCCA19_31_JULY_2026"
"886",1,"L20_ASCCA19_31_JULY_2026"
"887",1,"L20_ASCCA19_31_JULY_2026"
"888",0,"L20_ASCCA19_31_JULY_2026"
"889",1,"L20_ASCCA19_31_JULY_2026"
"890",1,"L20_ASCCA19_31_JULY_2026"
"891",0,"L20_ASCCA19_31_JULY_2026"
"892",1,"L20_ASCCA19_31_JULY_2026"
"893",1,"L20_ASCCA19_31_JULY_2026"
"894",0,"L20_ASCCA19_31_JULY_2026"
"895",1,"L20_ASCCA19_31_JULY_2026"
"896",1,"L20_ASCCA19_31_JULY_2026"
"897",1,"L20_ASCCA19_31_JULY_2026"
"898",1,"L20_ASCCA19_31_JULY_2026"
"899",0,"L20_ASCCA19_31_JULY_2026"
"900",1,"L20_ASCCA19_31_JULY_2026"
"901",1,"L20_ASCCA19_31_JULY_2026"
"902",1,"L20_ASCCA19_31_JULY_2026"
"903",1,"L20_ASCCA19_31_JULY_2026"
"904",0,"L20_ASCCA19_31_JULY_2026"
"905",41,"L20_ASCCA19_31_JULY_2026"
"906",1,"L20_ASCCA19_31_JULY_2026"
"907",1,"L20_ASCCA19_31_JULY_2026"
"908",0,"L20_ASCCA19_31_JULY_2026"
"909",1,"L20_ASCCA19_31_JULY_2026"
"910",1,"L20_ASCCA19_31_JULY_2026"
"911",5,"L20_ASCCA19_31_JULY_2026"
"912",1,"L20_ASCCA19_31_JULY_2026"
"913",1,"L20_ASCCA19_31_JULY_2026"
"914",2,"L20_ASCCA19_31_JULY_2026"
"915",0,"L20_ASCCA19_31_JULY_2026"
"916",1,"L20_ASCCA19_31_JULY_2026"
"917",0,"L20_ASCCA19_31_JULY_2026"
"918",1,"L20_ASCCA19_31_JULY_2026"
"919",1,"L20_ASCCA19_31_JULY_2026"
"920",1,"L20_ASCCA19_31_JULY_2026"
"921",1,"L20_ASCCA19_31_JULY_2026"
"922",0,"L20_ASCCA19_31_JULY_2026"
"923",2,"L20_ASCCA19_31_JULY_2026"
"924",1,"L20_ASCCA19_31_JULY_2026"
"925",8,"L20_ASCCA19_31_JULY_2026"
"926",0,"L20_ASCCA19_31_JULY_2026"
"927",1,"L20_ASCCA19_31_JULY_2026"
"928",1,"L20_ASCCA19_31_JULY_2026"
"929",1,"L20_ASCCA19_31_JULY_2026"
"930",1,"L20_ASCCA19_31_JULY_2026"
"931",1,"L20_ASCCA19_31_JULY_2026"
"932",1,"L20_ASCCA19_31_JULY_2026"
"933",0,"L20_ASCCA19_31_JULY_2026"
"934",1,"L20_ASCCA19_31_JULY_2026"
"935",0,"L20_ASCCA19_31_JULY_2026"
"936",1,"L20_ASCCA19_31_JULY_2026"
"937",1,"L20_ASCCA19_31_JULY_2026"
"938",1,"L20_ASCCA19_31_JULY_2026"
"939",0,"L20_ASCCA19_31_JULY_2026"
"940",1,"L20_ASCCA19_31_JULY_2026"
"941",1,"L20_ASCCA19_31_JULY_2026"
"942",1,"L20_ASCCA19_31_JULY_2026"
"943",0,"L20_ASCCA19_31_JULY_2026"
"944",1,"L20_ASCCA19_31_JULY_2026"
"945",0,"L20_ASCCA19_31_JULY_2026"
"946",1,"L20_ASCCA19_31_JULY_2026"
"947",1,"L20_ASCCA19_31_JULY_2026"
"948",63,"L20_ASCCA19_31_JULY_2026"
"949",0,"L20_ASCCA19_31_JULY_2026"
"950",1,"L20_ASCCA19_31_JULY_2026"
"951",2,"L20_ASCCA19_31_JULY_2026"
"952",0,"L20_ASCCA19_31_JULY_2026"
"953",1,"L20_ASCCA19_31_JULY_2026"
"954",0,"L20_ASCCA19_31_JULY_2026"
"955",1,"L20_ASCCA19_31_JULY_2026"
"956",1,"L20_ASCCA19_31_JULY_2026"
"957",2,"L20_ASCCA19_31_JULY_2026"
"958",0,"L20_ASCCA19_31_JULY_2026"
"959",1,"L20_ASCCA19_31_JULY_2026"
"960",1,"L20_ASCCA19_31_JULY_2026"
"961",0,"L20_ASCCA19_31_JULY_2026"
"962",3,"L20_ASCCA19_31_JULY_2026"
"963",0,"L20_ASCCA19_31_JULY_2026"
"964",1,"L20_ASCCA19_31_JULY_2026"
"965",14,"L20_ASCCA19_31_JULY_2026"
"966",0,"L20_ASCCA19_31_JULY_2026"
"967",1,"L20_ASCCA19_31_JULY_2026"
"968",1,"L20_ASCCA19_31_JULY_2026"
"969",0,"L20_ASCCA19_31_JULY_2026"
"970",1,"L20_ASCCA19_31_JULY_2026"
"971",1,"L20_ASCCA19_31_JULY_2026"
"972",0,"L20_ASCCA19_31_JULY_2026"
"973",1,"L20_ASCCA19_31_JULY_2026"
"974",0,"L20_ASCCA19_31_JULY_2026"
"975",1,"L20_ASCCA19_31_JULY_2026"
"976",1,"L20_ASCCA19_31_JULY_2026"
"977",1,"L20_ASCCA19_31_JULY_2026"
"978",1,"L20_ASCCA19_31_JULY_2026"
"979",1,"L20_ASCCA19_31_JULY_2026"
"980",1,"L20_ASCCA19_31_JULY_2026"
"981",1,"L20_ASCCA19_31_JULY_2026"
"982",1,"L20_ASCCA19_31_JULY_2026"
"983",0,"L20_ASCCA19_31_JULY_2026"
"984",1,"L20_ASCCA19_31_JULY_2026"
"985",1,"L20_ASCCA19_31_JULY_2026"
"986",0,"L20_ASCCA19_31_JULY_2026"
"987",1,"L20_ASCCA19_31_JULY_2026"
"988",1,"L20_ASCCA19_31_JULY_2026"
"989",1,"L20_ASCCA19_31_JULY_2026"
"990",0,"L20_ASCCA19_31_JULY_2026"
"991",1,"L20_ASCCA19_31_JULY_2026"
"992",0,"L20_ASCCA19_31_JULY_2026"
"993",1,"L20_ASCCA19_31_JULY_2026"
"994",1,"L20_ASCCA19_31_JULY_2026"
"995",0,"L20_ASCCA19_31_JULY_2026"
"996",1,"L20_ASCCA19_31_JULY_2026"
"997",0,"L20_ASCCA19_31_JULY_2026"
"998",1,"L20_ASCCA19_31_JULY_2026"
"999",1,"L20_ASCCA19_31_JULY_2026"
"1000",0,"L20_ASCCA19_31_JULY_2026"
"1001",1,"L20_ASCCA19_31_JULY_2026"
"1002",1,"L20_ASCCA19_31_JULY_2026"
"1003",0,"L20_ASCCA19_31_JULY_2026"
"1004",1,"L20_ASCCA19_31_JULY_2026"
"1005",0,"L20_ASCCA19_31_JULY_2026"
"1006",1,"L20_ASCCA19_31_JULY_2026"
"1007",1,"L20_ASCCA19_31_JULY_2026"
"1008",0,"L20_ASCCA19_31_JULY_2026"
"1009",1,"L20_ASCCA19_31_JULY_2026"
"1010",0,"L20_ASCCA19_31_JULY_2026"
"1011",1,"L20_ASCCA19_31_JULY_2026"
"1012",1,"L20_ASCCA19_31_JULY_2026"
"1013",0,"L20_ASCCA19_31_JULY_2026"
"1014",1,"L20_ASCCA19_31_JULY_2026"
"1015",1,"L20_ASCCA19_31_JULY_2026"
"1016",0,"L20_ASCCA19_31_JULY_2026"
"1017",1,"L20_ASCCA19_31_JULY_2026"
"1018",0,"L20_ASCCA19_31_JULY_2026"
"1019",1,"L20_ASCCA19_31_JULY_2026"
"1020",1,"L20_ASCCA19_31_JULY_2026"
"1021",0,"L20_ASCCA19_31_JULY_2026"
"1022",1,"L20_ASCCA19_31_JULY_2026"
"1023",0,"L20_ASCCA19_31_JULY_2026"
"1024",1,"L20_ASCCA19_31_JULY_2026"
"1025",1,"L20_ASCCA19_31_JULY_2026"
"1026",0,"L20_ASCCA19_31_JULY_2026"
"1027",1,"L20_ASCCA19_31_JULY_2026"
"1028",1,"L20_ASCCA19_31_JULY_2026"
"1029",0,"L20_ASCCA19_31_JULY_2026"
"1030",1,"L20_ASCCA19_31_JULY_2026"
"1031",0,"L20_ASCCA19_31_JULY_2026"
"1032",1,"L20_ASCCA19_31_JULY_2026"
"1033",1,"L20_ASCCA19_31_JULY_2026"
"1034",0,"L20_ASCCA19_31_JULY_2026"
"1035",1,"L20_ASCCA19_31_JULY_2026"
"1036",0,"L20_ASCCA19_31_JULY_2026"
"1037",1,"L20_ASCCA19_31_JULY_2026"
"1038",1,"L20_ASCCA19_31_JULY_2026"
"1039",0,"L20_ASCCA19_31_JULY_2026"
"1040",1,"L20_ASCCA19_31_JULY_2026"
"1041",1,"L20_ASCCA19_31_JULY_2026"
"1042",1,"L20_ASCCA19_31_JULY_2026"
"1043",1,"L20_ASCCA19_31_JULY_2026"
"1044",0,"L20_ASCCA19_31_JULY_2026"
"1045",1,"L20_ASCCA19_31_JULY_2026"
"1046",1,"L20_ASCCA19_31_JULY_2026"
"1047",0,"L20_ASCCA19_31_JULY_2026"
"1048",1,"L20_ASCCA19_31_JULY_2026"
"1049",1,"L20_ASCCA19_31_JULY_2026"
"1050",0,"L20_ASCCA19_31_JULY_2026"
"1051",1,"L20_ASCCA19_31_JULY_2026"
"1052",0,"L20_ASCCA19_31_JULY_2026"
"1053",1,"L20_ASCCA19_31_JULY_2026"
"1054",1,"L20_ASCCA19_31_JULY_2026"
"1055",0,"L20_ASCCA19_31_JULY_2026"
"1056",1,"L20_ASCCA19_31_JULY_2026"
"1057",0,"L20_ASCCA19_31_JULY_2026"
"1058",1,"L20_ASCCA19_31_JULY_2026"
"1059",1,"L20_ASCCA19_31_JULY_2026"
"1060",0,"L20_ASCCA19_31_JULY_2026"
"1061",1,"L20_ASCCA19_31_JULY_2026"
"1062",1,"L20_ASCCA19_31_JULY_2026"
"1063",0,"L20_ASCCA19_31_JULY_2026"
"1064",1,"L20_ASCCA19_31_JULY_2026"
"1065",0,"L20_ASCCA19_31_JULY_2026"
"1066",1,"L20_ASCCA19_31_JULY_2026"
"1067",1,"L20_ASCCA19_31_JULY_2026"
"1068",0,"L20_ASCCA19_31_JULY_2026"
"1069",1,"L20_ASCCA19_31_JULY_2026"
"1070",0,"L20_ASCCA19_31_JULY_2026"
"1071",1,"L20_ASCCA19_31_JULY_2026"
"1072",1,"L20_ASCCA19_31_JULY_2026"
"1073",0,"L20_ASCCA19_31_JULY_2026"
"1074",1,"L20_ASCCA19_31_JULY_2026"
"1075",1,"L20_ASCCA19_31_JULY_2026"
"1076",0,"L20_ASCCA19_31_JULY_2026"
"1077",1,"L20_ASCCA19_31_JULY_2026"
"1078",0,"L20_ASCCA19_31_JULY_2026"
"1079",1,"L20_ASCCA19_31_JULY_2026"
"1080",1,"L20_ASCCA19_31_JULY_2026"
"1081",0,"L20_ASCCA19_31_JULY_2026"
"1082",1,"L20_ASCCA19_31_JULY_2026"
"1083",1,"L20_ASCCA19_31_JULY_2026"
"1084",0,"L20_ASCCA19_31_JULY_2026"
"1085",1,"L20_ASCCA19_31_JULY_2026"
"1086",1,"L20_ASCCA19_31_JULY_2026"
"1087",0,"L20_ASCCA19_31_JULY_2026"
"1088",1,"L20_ASCCA19_31_JULY_2026"
"1089",0,"L20_ASCCA19_31_JULY_2026"
"1090",1,"L20_ASCCA19_31_JULY_2026"
"1091",1,"L20_ASCCA19_31_JULY_2026"
"1092",0,"L20_ASCCA19_31_JULY_2026"
"1093",1,"L20_ASCCA19_31_JULY_2026"
"1094",1,"L20_ASCCA19_31_JULY_2026"
"1095",0,"L20_ASCCA19_31_JULY_2026"
"1096",1,"L20_ASCCA19_31_JULY_2026"
"1097",1,"L20_ASCCA19_31_JULY_2026"
"1098",0,"L20_ASCCA19_31_JULY_2026"
"1099",1,"L20_ASCCA19_31_JULY_2026"
"1100",0,"L20_ASCCA19_31_JULY_2026"
"1101",1,"L20_ASCCA19_31_JULY_2026"
"1102",25,"L20_ASCCA19_31_JULY_2026"
"1103",0,"L20_ASCCA19_31_JULY_2026"
"1104",1,"L20_ASCCA19_31_JULY_2026"
"1105",0,"L20_ASCCA19_31_JULY_2026"
"1106",1,"L20_ASCCA19_31_JULY_2026"
"1107",1,"L20_ASCCA19_31_JULY_2026"
"1108",0,"L20_ASCCA19_31_JULY_2026"
"1109",1,"L20_ASCCA19_31_JULY_2026"
"1110",1,"L20_ASCCA19_31_JULY_2026"
"1111",2767075,"L20_ASCCA19_31_JULY_2026"
"1112",0,"L20_ASCCA19_31_JULY_2026"
"1113",1,"L20_ASCCA19_31_JULY_2026"
"1114",0,"L20_ASCCA19_31_JULY_2026"
"1115",1,"L20_ASCCA19_31_JULY_2026"
"1116",0,"L20_ASCCA19_31_JULY_2026"
"1117",1,"L20_ASCCA19_31_JULY_2026"
"1118",1,"L20_ASCCA19_31_JULY_2026"
"1119",0,"L20_ASCCA19_31_JULY_2026"
"1120",1,"L20_ASCCA19_31_JULY_2026"
"1121",0,"L20_ASCCA19_31_JULY_2026"
"1122",1,"L20_ASCCA19_31_JULY_2026"
"1123",0,"L20_ASCCA19_31_JULY_2026"
"1124",1,"L20_ASCCA19_31_JULY_2026"
"1125",0,"L20_ASCCA19_31_JULY_2026"
"1126",1,"L20_ASCCA19_31_JULY_2026"
"1127",1,"L20_ASCCA19_31_JULY_2026"
"1128",0,"L20_ASCCA19_31_JULY_2026"
"1129",1,"L20_ASCCA19_31_JULY_2026"
"1130",0,"L20_ASCCA19_31_JULY_2026"
"1131",1,"L20_ASCCA19_31_JULY_2026"
"1132",0,"L20_ASCCA19_31_JULY_2026"
"1133",1,"L20_ASCCA19_31_JULY_2026"
"1134",0,"L20_ASCCA19_31_JULY_2026"
"1135",13,"L20_ASCCA19_31_JULY_2026"
"1136",1,"L20_ASCCA19_31_JULY_2026"
"1137",0,"L20_ASCCA19_31_JULY_2026"
"1138",1,"L20_ASCCA19_31_JULY_2026"
"1139",0,"L20_ASCCA19_31_JULY_2026"
"1140",1,"L20_ASCCA19_31_JULY_2026"
"1141",4,"L20_ASCCA19_31_JULY_2026"
"1142",1,"L20_ASCCA19_31_JULY_2026"
"1143",0,"L20_ASCCA19_31_JULY_2026"
"1144",1,"L20_ASCCA19_31_JULY_2026"
"1145",0,"L20_ASCCA19_31_JULY_2026"
"1146",1,"L20_ASCCA19_31_JULY_2026"
"1147",8,"L20_ASCCA19_31_JULY_2026"
"1148",1,"L20_ASCCA19_31_JULY_2026"
"1149",0,"L20_ASCCA19_31_JULY_2026"
"1150",4,"L20_ASCCA19_31_JULY_2026"
"1151",0,"L20_ASCCA19_31_JULY_2026"
"1152",1,"L20_ASCCA19_31_JULY_2026"
"1153",0,"L20_ASCCA19_31_JULY_2026"
"1154",1,"L20_ASCCA19_31_JULY_2026"
"1155",0,"L20_ASCCA19_31_JULY_2026"
"1156",2,"L20_ASCCA19_31_JULY_2026"
"1157",1,"L20_ASCCA19_31_JULY_2026"
"1158",0,"L20_ASCCA19_31_JULY_2026"
"1159",1,"L20_ASCCA19_31_JULY_2026"
"1160",0,"L20_ASCCA19_31_JULY_2026"
"1161",1,"L20_ASCCA19_31_JULY_2026"
"1162",0,"L20_ASCCA19_31_JULY_2026"
"1163",1,"L20_ASCCA19_31_JULY_2026"
"1164",0,"L20_ASCCA19_31_JULY_2026"
"1165",0,"L20_ASCCA19_31_JULY_2026"
"1166",1,"L20_ASCCA19_31_JULY_2026"
"1167",0,"L20_ASCCA19_31_JULY_2026"
"1168",1,"L20_ASCCA19_31_JULY_2026"
"1169",0,"L20_ASCCA19_31_JULY_2026"
"1170",1,"L20_ASCCA19_31_JULY_2026"
"1171",0,"L20_ASCCA19_31_JULY_2026"
"1172",1,"L20_ASCCA19_31_JULY_2026"
"1173",0,"L20_ASCCA19_31_JULY_2026"
"1174",1,"L20_ASCCA19_31_JULY_2026"
"1175",0,"L20_ASCCA19_31_JULY_2026"
"1176",1,"L20_ASCCA19_31_JULY_2026"
"1177",0,"L20_ASCCA19_31_JULY_2026"
"1178",1,"L20_ASCCA19_31_JULY_2026"
"1179",0,"L20_ASCCA19_31_JULY_2026"
"1180",1,"L20_ASCCA19_31_JULY_2026"
